name,lang
name,lang
name,lang
name,lang
name,lang
name,lang
name,lang
name,lang
name,lang
name,lang
name,lang
name,lang
name,lang
name,lang
name,lang
name,lang
name,lang
name,lang
name,lang
name,lang
name,lang
name,lang
name,lang
name,lang
name,lang
name,lang
name,lang
name,lang
name,lang
name,lang
name,lang
name,lang
name,lang
name,lang
name,lang
name,lang
name,lang
name,lang
name,lang
name,lang
name,lang
name,lang
name,lang
name,lang
name,lang
name,lang
name,lang
name,lang
name,lang
name,lang
name,lang
name,lang
name,lang
name,lang
name,lang
name,lang
name,lang
name,lang
name,lang
name,lang
name,lang
name,lang
name,lang
name,lang
name,lang
name,lang
name,lang
name,lang
name,lang
name,lang
name,lang
name,lang
name,lang
name,lang
name,lang
name,lang
name,lang
name,lang
name,lang
name,lang
name,lang
name,lang
name,lang
name,lang
name,lang
name,lang
name,lang
name,lang
name,lang
name,lang
name,lang
name,lang
name,lang
name,lang
name,lang
name,lang
name,lang
name,lang
name,lang
name,lang
name,lang
name,lang
name,lang
name,lang
name,lang
name,lang
name,lang
name,lang
name,lang
name,lang
name,lang
name,lang
name,lang
name,lang
name,lang
name,lang
name,lang
name,lang
name,lang
name,lang
name,lang
name,lang
name,lang
name,lang
name,lang
name,lang
name,lang
name,lang
name,lang
name,lang
name,lang
name,lang
name,lang
name,lang
name,lang
name,lang
name,lang
name,lang
name,lang
name,lang
name,lang
name,lang
name,lang
name,lang
name,lang
name,lang
name,lang
name,lang
name,lang
name,lang
name,lang
name,lang
name,lang
name,lang
name,lang
name,lang
name,lang
name,lang
name,lang
name,lang
name,lang
name,lang
name,lang
name,lang
name,lang
name,lang
name,lang
name,lang
name,lang
name,lang
name,lang
name,lang
name,lang
name,lang
name,lang
name,lang
name,lang
name,lang
name,lang
name,lang
name,lang
name,lang
name,lang
name,lang
name,lang
name,lang
name,lang
name,lang
name,lang
name,lang
name,lang
name,lang
name,lang
name,lang
name,lang
name,lang
name,lang
name,lang
name,lang
name,lang
name,lang
name,lang
name,lang
name,lang
name,lang
name,lang
name,lang
name,lang
name,lang
name,lang
name,lang
name,lang
name,lang
name,lang
name,lang
name,lang
name,lang
name,lang
name,lang
name,lang
name,lang
name,lang
name,lang
name,lang
name,lang
name,lang
name,lang
name,lang
name,lang
name,lang
name,lang
name,lang
name,lang
name,lang
name,lang
name,lang
name,lang
name,lang
name,lang
name,lang
name,lang
name,lang
name,lang
name,lang
name,lang
name,lang
name,lang
name,lang
name,lang
name,lang
name,lang
name,lang
name,lang
name,lang
name,lang
name,lang
name,lang
name,lang
name,lang
name,lang
name,lang
name,lang
name,lang
name,lang
name,lang
name,lang
name,lang
name,lang
name,lang
name,lang
name,lang
name,lang
name,lang
name,lang
name,lang
name,lang
name,lang
name,lang
name,lang
name,lang
name,lang
name,lang
name,lang
name,lang
name,lang
name,lang
name,lang
name,lang
name,lang
name,lang
name,lang
name,lang
name,lang
name,lang
name,lang
name,lang
name,lang
name,lang
name,lang
name,lang
name,lang
name,lang
name,lang
name,lang
name,lang
name,lang
name,lang
name,lang
name,lang
name,lang
name,lang
name,lang
name,lang
name,lang
name,lang
name,lang
name,lang
name,lang
name,lang
name,lang
name,lang
name,lang
name,lang
name,lang
name,lang
name,lang
name,lang
name,lang
name,lang
name,lang
name,lang
name,lang
name,lang
name,lang
name,lang
name,lang
name,lang
name,lang
name,lang
name,lang
name,lang
name,lang
name,lang
name,lang
name,lang
name,lang
name,lang
name,lang
name,lang
name,lang
name,lang
name,lang
name,lang
name,lang
name,lang
name,lang
name,lang
name,lang
name,lang
name,lang
name,lang
name,lang
name,lang
name,lang
name,lang
name,lang
name,lang
name,lang
name,lang
name,lang
name,lang
name,lang
name,lang
name,lang
name,lang
name,lang
name,lang
name,lang
name,lang
name,lang
name,lang
name,lang
name,lang
name,lang
name,lang
name,lang
name,lang
name,lang
name,lang
name,lang
name,lang
name,lang
name,lang
name,lang
name,lang
name,lang
name,lang
name,lang
name,lang
name,lang
name,lang
name,lang
name,lang
name,lang
name,lang
name,lang
name,lang
name,lang
name,lang
name,lang
name,lang
name,lang
name,lang
name,lang
